정류장명,정류장번호,노선,기종점,일자,이용자유형,04(승차),04(하차),05(승차),05(하차),06(승차),06(하차),07(승차),07(하차),08(승차),08(하차),09(승차),09(하차),10(승차),10(하차),11(승차),11(하차),12(승차),12(하차),13(승차),13(하차),14(승차),14(하차),15(승차),15(하차),16(승차),16(하차),17(승차),17(하차),18(승차),18(하차),19(승차),19(하차),20(승차),20(하차),21(승차),21(하차),22(승차),22(하차),23(승차),23(하차),00(승차),00(하차),01(승차),01(하차),02(승차),02(하차),03(승차),03(하차),
동탄역(동측),55399,1000,장외리.오리골 - 장외리.오리골,2024-05,일반인,3,0,7,0,4,0,10,0,0,0,0,0,0,104,5,0,0,50,5,0,0,0,0,0,37,40,3,2,31,42,2,2,0,0,0,0,0,25,0,7,0,15,0,0,0,0,0,0,
동탄역(동측),55399,1000,장외리.오리골 - 장외리.오리골,2024-05,어린이,0,0,0,0,0,0,0,0,0,0,0,0,0,0,0,0,0,2,1,0,0,0,0,0,0,0,0,0,0,0,0,0,0,0,0,0,0,0,0,0,0,0,0,0,0,0,0,0,
동탄역(동측),55399,1000,장외리.오리골 - 장외리.오리골,2024-05,청소년,0,0,0,0,0,0,0,0,0,0,0,0,0,4,0,0,0,4,0,0,0,0,0,0,3,19,1,1,1,5,0,0,0,0,0,0,0,9,0,1,0,1,0,0,0,0,0,0,
동탄역(동측),55399,1000,장외리.오리골 - 장외리.오리골,2024-05,경로,0,0,0,0,0,0,0,0,0,0,0,0,0,0,0,0,0,8,0,0,0,0,0,0,0,2,0,0,0,0,1,1,0,0,0,0,0,0,0,0,0,0,0,0,0,0,0,0,
동탄역(동측),55399,1000,장외리.오리골 - 장외리.오리골,2024-05,장애인,0,0,0,0,0,0,0,0,0,0,0,0,0,1,0,0,0,1,0,0,0,0,0,0,0,0,0,0,0,0,0,0,0,0,0,0,0,0,0,0,0,0,0,0,0,0,0,0,
동탄역(동측),55399,17,병점역후문 - 병점역후문,2024-05,일반인,0,0,1,0,49,29,177,295,169,281,151,214,172,223,220,140,231,162,284,157,245,118,365,151,453,134,669,208,783,142,632,109,791,119,458,73,435,86,0,28,0,0,0,0,0,0,0,0,
동탄역(동측),55399,17,병점역후문 - 병점역후문,2024-05,어린이,0,0,0,0,0,0,3,0,6,9,0,2,1,5,1,0,3,1,5,1,7,1,8,2,11,1,10,4,9,0,6,1,7,1,2,1,2,0,0,0,0,0,0,0,0,0,0,0,
동탄역(동측),55399,17,병점역후문 - 병점역후문,2024-05,청소년,0,0,0,0,1,0,10,13,63,24,1,7,4,12,13,0,12,6,15,6,17,3,42,9,55,49,85,40,63,15,33,18,39,11,17,13,34,14,0,0,0,0,0,0,0,0,0,0,
동탄역(동측),55399,17,병점역후문 - 병점역후문,2024-05,경로,0,0,0,0,15,3,20,13,9,28,24,23,50,52,50,19,38,28,47,21,42,32,62,19,76,30,65,24,37,4,24,3,27,6,17,1,17,0,0,2,0,0,0,0,0,0,0,0,
동탄역(동측),55399,17,병점역후문 - 병점역후문,2024-05,장애인,0,0,0,0,0,0,0,0,3,1,2,7,2,2,2,1,6,0,1,0,3,0,1,3,0,0,4,2,2,3,1,1,3,0,2,0,1,0,0,0,0,0,0,0,0,0,0,0,
동탄역(동측),55399,17,병점역후문 - 병점역후문,2024-05,국가유공자,0,0,0,0,0,0,0,0,0,0,0,0,0,0,2,1,0,0,1,1,1,0,0,0,0,0,2,0,0,0,0,0,2,0,0,0,0,0,0,0,0,0,0,0,0,0,0,0,
동탄역(동측),55399,17-1,병점역후문 - 병점역후문,2024-05,일반인,0,0,0,0,8,51,32,97,55,108,41,66,18,37,46,33,54,33,43,28,38,15,63,15,121,30,80,20,202,59,222,31,123,19,82,15,0,14,0,1,0,0,0,0,0,0,0,0,
동탄역(동측),55399,17-1,병점역후문 - 병점역후문,2024-05,어린이,0,0,0,0,0,0,0,0,7,0,0,0,0,0,1,1,0,0,1,0,0,0,1,0,7,0,0,0,0,0,1,0,0,0,2,0,0,0,0,0,0,0,0,0,0,0,0,0,
동탄역(동측),55399,17-1,병점역후문 - 병점역후문,2024-05,청소년,0,0,0,0,0,0,1,2,19,3,0,0,0,2,1,1,1,2,0,1,2,0,5,2,11,0,9,2,21,6,7,1,7,3,1,0,0,1,0,0,0,0,0,0,0,0,0,0,
동탄역(동측),55399,17-1,병점역후문 - 병점역후문,2024-05,경로,0,0,0,0,1,5,1,1,3,7,5,9,3,4,10,5,8,4,2,1,8,7,10,1,15,3,2,0,3,1,1,0,2,0,5,0,0,0,0,0,0,0,0,0,0,0,0,0,
동탄역(동측),55399,17-1,병점역후문 - 병점역후문,2024-05,장애인,0,0,0,0,0,1,0,0,0,0,0,0,0,0,1,1,0,1,0,0,2,0,0,0,0,0,0,0,1,0,1,1,0,0,1,0,0,0,0,0,0,0,0,0,0,0,0,0,
동탄역(동측),55399,19-3,LH1단지.한양수자인 - LH1단지.한양수자인,2024-05,일반인,0,0,0,0,5,196,7,125,20,196,5,67,12,156,13,39,20,52,26,71,34,40,47,37,15,22,65,75,109,61,57,23,160,34,38,12,16,4,0,0,0,0,0,0,0,0,0,0,
동탄역(동측),55399,19-3,LH1단지.한양수자인 - LH1단지.한양수자인,2024-05,어린이,0,0,0,0,0,0,2,0,0,0,0,0,0,0,0,0,1,1,0,2,1,0,1,0,0,0,2,0,0,1,1,0,2,0,2,0,0,0,0,0,0,0,0,0,0,0,0,0,
동탄역(동측),55399,19-3,LH1단지.한양수자인 - LH1단지.한양수자인,2024-05,청소년,0,0,0,0,0,5,6,2,4,2,0,3,0,1,0,3,1,4,0,4,1,10,3,5,0,5,6,40,9,5,6,2,8,2,7,4,3,0,0,0,0,0,0,0,0,0,0,0,
동탄역(동측),55399,19-3,LH1단지.한양수자인 - LH1단지.한양수자인,2024-05,경로,0,0,0,0,0,5,1,5,0,10,0,3,9,7,12,5,9,10,5,7,5,4,15,6,1,2,15,2,9,5,2,1,10,1,3,0,0,0,0,0,0,0,0,0,0,0,0,0,
동탄역(동측),55399,19-3,LH1단지.한양수자인 - LH1단지.한양수자인,2024-05,장애인,0,0,0,0,0,2,0,1,0,0,0,0,0,0,0,0,0,0,0,0,1,1,1,2,0,0,0,0,1,0,1,0,2,1,0,0,0,0,0,0,0,0,0,0,0,0,0,0,
동탄역(동측),55399,19-3,LH1단지.한양수자인 - LH1단지.한양수자인,2024-05,국가유공자,0,0,0,0,0,0,0,0,0,0,0,0,0,0,0,0,0,0,0,0,0,0,1,0,0,0,0,0,0,0,0,0,0,0,0,0,0,0,0,0,0,0,0,0,0,0,0,0,
동탄역(동측),55399,19-5(A),장지동농협 - 장지동,2024-05,일반인,0,0,0,5,4,13,78,382,13,22,21,226,1,1,24,127,1,7,13,44,13,37,24,49,54,67,66,80,119,44,35,33,80,47,79,21,0,0,0,0,0,0,0,0,0,0,0,0,
동탄역(동측),55399,19-5(A),장지동농협 - 장지동,2024-05,어린이,0,0,0,0,0,0,0,1,0,0,0,0,0,0,0,5,0,0,0,0,0,0,0,0,0,0,0,5,0,0,0,2,0,0,0,0,0,0,0,0,0,0,0,0,0,0,0,0,
동탄역(동측),55399,19-5(A),장지동농협 - 장지동,2024-05,청소년,0,0,0,0,0,0,4,5,2,1,0,15,0,0,0,5,0,0,0,2,0,0,4,5,2,12,1,22,7,2,1,10,2,2,3,1,0,0,0,0,0,0,0,0,0,0,0,0,
동탄역(동측),55399,19-5(A),장지동농협 - 장지동,2024-05,경로,0,0,1,11,7,14,56,8,6,1,1,11,0,0,1,12,1,0,0,5,0,6,8,7,4,4,4,19,6,6,6,1,6,0,5,0,0,0,0,0,0,0,0,0,0,0,0,0,
동탄역(동측),55399,19-5(A),장지동농협 - 장지동,2024-05,장애인,0,0,0,0,0,0,0,4,0,0,0,0,0,0,0,0,0,0,0,0,0,0,0,1,4,0,0,0,1,0,0,0,0,0,1,0,0,0,0,0,0,0,0,0,0,0,0,0,
동탄역(동측),55399,19-5(B),동탄역(동측) - 동탄역(동측),2024-05,일반인,0,0,0,0,2,0,3,0,0,119,2,132,8,38,5,0,0,129,14,71,3,48,4,0,2,22,38,40,98,31,39,23,0,27,0,13,0,37,0,0,0,0,0,0,0,0,0,0,
동탄역(동측),55399,19-5(B),동탄역(동측) - 동탄역(동측),2024-05,어린이,0,0,0,0,0,0,0,0,0,2,0,0,0,2,0,0,0,7,0,3,0,1,0,0,0,1,0,2,0,0,0,0,0,0,0,0,0,0,0,0,0,0,0,0,0,0,0,0,
동탄역(동측),55399,19-5(B),동탄역(동측) - 동탄역(동측),2024-05,청소년,0,0,0,0,0,0,20,0,0,0,0,3,0,0,0,0,0,4,1,5,0,0,0,0,0,9,0,9,1,5,0,2,0,1,0,0,0,3,0,0,0,0,0,0,0,0,0,0,
동탄역(동측),55399,19-5(B),동탄역(동측) - 동탄역(동측),2024-05,경로,0,0,0,0,1,0,0,0,0,8,1,7,1,10,4,0,0,6,0,16,0,4,2,0,0,5,6,6,5,0,5,2,0,0,0,0,0,0,0,0,0,0,0,0,0,0,0,0,
동탄역(동측),55399,19-5(B),동탄역(동측) - 동탄역(동측),2024-05,장애인,0,0,0,0,0,0,0,0,0,0,0,0,1,0,0,0,0,0,2,0,0,0,0,0,0,1,0,0,0,0,1,0,0,0,0,0,0,0,0,0,0,0,0,0,0,0,0,0,
동탄역(동측),55399,19-5(B),동탄역(동측) - 동탄역(동측),2024-05,국가유공자,0,0,0,0,0,0,0,0,0,0,0,0,0,0,0,0,0,0,0,0,0,0,0,0,0,1,0,0,0,0,0,0,0,0,0,0,0,1,0,0,0,0,0,0,0,0,0,0,
동탄역(동측),55399,200,경기고속차고지 - 경기고속차고지,2024-05,일반인,0,0,0,0,0,0,0,0,112,120,40,66,57,73,1,2,0,0,74,31,49,22,159,35,144,33,2,2,228,39,130,14,123,16,98,9,206,24,0,0,0,0,0,0,0,0,0,0,
동탄역(동측),55399,200,경기고속차고지 - 경기고속차고지,2024-05,어린이,0,0,0,0,0,0,0,0,1,0,0,0,1,0,0,0,0,0,0,0,0,0,3,1,1,5,0,0,0,0,2,0,1,0,0,0,1,0,0,0,0,0,0,0,0,0,0,0,
동탄역(동측),55399,200,경기고속차고지 - 경기고속차고지,2024-05,청소년,0,0,0,0,0,0,0,0,12,1,5,3,3,5,0,0,0,0,3,0,4,0,7,0,14,5,0,0,17,1,6,0,4,1,6,0,8,0,0,0,0,0,0,0,0,0,0,0,
동탄역(동측),55399,200,경기고속차고지 - 경기고속차고지,2024-05,경로,0,0,0,0,0,0,0,0,2,18,3,12,9,28,1,1,0,0,2,4,4,1,11,2,16,8,0,0,0,0,2,1,3,1,6,2,10,0,0,0,0,0,0,0,0,0,0,0,
동탄역(동측),55399,200,경기고속차고지 - 경기고속차고지,2024-05,장애인,0,0,0,0,0,0,0,0,0,0,0,2,1,0,0,0,0,0,0,0,0,0,0,0,1,0,0,0,2,0,1,0,0,0,1,0,0,0,0,0,0,0,0,0,0,0,0,0,
동탄역(동측),55399,203,동탄2차고지 - 동탄2차고지,2024-05,일반인,0,0,0,0,46,96,246,408,284,269,105,165,168,138,92,112,148,105,129,115,114,60,111,50,227,110,348,115,316,87,326,87,404,75,267,76,0,2,0,0,0,0,0,0,0,0,0,0,
동탄역(동측),55399,203,동탄2차고지 - 동탄2차고지,2024-05,어린이,0,0,0,0,0,1,6,0,3,2,0,6,0,0,0,1,8,4,2,1,0,0,0,0,2,7,1,2,0,1,2,2,0,0,0,0,0,0,0,0,0,0,0,0,0,0,0,0,
동탄역(동측),55399,203,동탄2차고지 - 동탄2차고지,2024-05,청소년,0,0,0,0,2,1,6,6,21,3,1,2,3,8,6,8,6,3,2,20,2,8,4,17,8,22,9,59,2,14,6,5,5,14,7,8,0,0,0,0,0,0,0,0,0,0,0,0,
동탄역(동측),55399,203,동탄2차고지 - 동탄2차고지,2024-05,경로,0,0,0,0,0,4,7,22,2,10,2,11,6,10,4,10,1,13,4,33,2,2,5,5,5,20,5,5,2,3,3,0,4,0,3,1,0,0,0,0,0,0,0,0,0,0,0,0,
동탄역(동측),55399,203,동탄2차고지 - 동탄2차고지,2024-05,장애인,0,0,0,0,0,0,0,0,0,7,0,3,0,1,2,1,2,0,1,2,0,1,2,0,2,0,2,0,0,0,0,0,0,0,0,1,0,0,0,0,0,0,0,0,0,0,0,0,
동탄역(동측),55399,203,동탄2차고지 - 동탄2차고지,2024-05,국가유공자,0,0,0,0,0,0,0,0,0,1,0,0,0,0,0,0,1,1,0,1,0,0,0,0,0,0,0,1,0,0,0,0,1,0,0,1,0,0,0,0,0,0,0,0,0,0,0,0,
동탄역(동측),55399,205,경기고속차고지 - 경기고속차고지,2024-05,일반인,0,0,0,0,0,0,0,0,95,85,41,68,65,52,49,22,0,0,25,21,77,41,72,33,141,41,26,6,13,0,234,18,148,20,113,28,152,17,0,0,0,0,0,0,0,0,0,0,
동탄역(동측),55399,205,경기고속차고지 - 경기고속차고지,2024-05,어린이,0,0,0,0,0,0,0,0,0,0,1,1,1,0,1,0,0,0,0,0,2,0,0,0,0,1,0,0,0,0,1,0,0,0,0,0,3,0,0,0,0,0,0,0,0,0,0,0,
동탄역(동측),55399,205,경기고속차고지 - 경기고속차고지,2024-05,청소년,0,0,0,0,0,0,0,0,9,0,2,2,4,0,0,0,0,0,1,0,4,0,1,0,6,2,3,2,0,0,14,0,2,1,4,0,2,1,0,0,0,0,0,0,0,0,0,0,
동탄역(동측),55399,205,경기고속차고지 - 경기고속차고지,2024-05,경로,0,0,0,0,0,0,0,0,1,7,4,9,6,8,5,2,0,0,7,2,9,5,4,4,12,3,1,0,0,0,7,2,4,1,5,0,0,0,0,0,0,0,0,0,0,0,0,0,
동탄역(동측),55399,205,경기고속차고지 - 경기고속차고지,2024-05,장애인,0,0,0,0,0,0,0,0,0,1,0,1,1,0,1,0,0,0,0,0,2,0,1,0,1,0,0,0,0,0,0,0,0,0,0,0,0,0,0,0,0,0,0,0,0,0,0,0,
동탄역(동측),55399,205,경기고속차고지 - 경기고속차고지,2024-05,국가유공자,0,0,0,0,0,0,0,0,0,0,0,0,0,0,0,0,0,0,0,0,0,0,0,0,0,0,1,0,0,0,0,0,0,0,0,0,0,0,0,0,0,0,0,0,0,0,0,0,
동탄역(동측),55399,7-1A,동탄2차고지 - 동탄2차고지,2024-05,일반인,0,0,19,16,32,56,105,250,183,129,101,104,107,52,125,71,125,62,159,71,114,57,148,68,275,76,325,58,363,100,353,43,408,51,291,56,268,41,52,5,0,0,0,0,0,0,0,0,
동탄역(동측),55399,7-1A,동탄2차고지 - 동탄2차고지,2024-05,어린이,0,0,0,0,0,0,7,2,0,0,0,1,0,0,0,0,1,2,0,0,0,1,0,1,1,2,0,0,1,1,1,0,0,1,1,1,0,0,0,0,0,0,0,0,0,0,0,0,
동탄역(동측),55399,7-1A,동탄2차고지 - 동탄2차고지,2024-05,청소년,0,0,0,1,0,0,9,2,15,6,0,3,1,3,4,5,5,11,12,4,2,5,5,7,8,18,20,24,10,14,7,3,4,4,5,7,12,12,2,0,0,0,0,0,0,0,0,0,
동탄역(동측),55399,7-1A,동탄2차고지 - 동탄2차고지,2024-05,경로,0,0,11,4,2,5,3,15,0,5,6,3,4,4,3,6,7,2,3,10,7,5,13,4,18,6,11,4,4,4,7,5,8,4,6,1,7,0,1,0,0,0,0,0,0,0,0,0,
동탄역(동측),55399,7-1A,동탄2차고지 - 동탄2차고지,2024-05,장애인,0,0,0,1,1,0,0,1,0,3,1,1,0,0,2,1,0,0,0,0,0,0,4,2,0,0,5,0,2,1,0,0,0,1,0,0,0,0,0,0,0,0,0,0,0,0,0,0,
동탄역(동측),55399,7-1A,동탄2차고지 - 동탄2차고지,2024-05,국가유공자,0,0,0,0,0,0,0,0,0,0,0,2,1,1,0,0,0,1,0,0,0,0,0,1,1,0,0,0,0,0,0,0,0,0,0,0,0,0,0,0,0,0,0,0,0,0,0,0,
동탄역(동측),55399,701A,동탄2차고지 - 동탄2차고지,2024-05,일반인,19,22,5,65,7,139,19,194,15,96,11,92,15,88,41,88,24,91,25,59,19,33,13,36,69,62,91,73,163,95,41,36,71,24,87,39,0,0,0,0,0,0,0,0,0,0,0,0,
동탄역(동측),55399,701A,동탄2차고지 - 동탄2차고지,2024-05,어린이,0,0,0,0,0,1,0,1,0,0,0,0,0,1,1,1,0,3,2,3,0,2,0,3,0,2,5,1,2,3,0,0,1,0,0,0,0,0,0,0,0,0,0,0,0,0,0,0,
동탄역(동측),55399,701A,동탄2차고지 - 동탄2차고지,2024-05,청소년,0,0,0,0,1,2,0,8,10,4,0,3,0,5,0,4,4,5,1,14,0,8,2,7,2,16,13,18,4,7,3,7,4,5,0,2,0,0,0,0,0,0,0,0,0,0,0,0,
동탄역(동측),55399,701A,동탄2차고지 - 동탄2차고지,2024-05,경로,0,1,0,1,0,2,1,3,1,6,0,13,3,7,3,12,3,11,1,10,2,1,0,0,5,8,3,25,4,1,11,2,3,3,3,1,0,0,0,0,0,0,0,0,0,0,0,0,
동탄역(동측),55399,701A,동탄2차고지 - 동탄2차고지,2024-05,장애인,0,1,0,1,2,1,0,0,0,0,1,0,0,1,0,0,0,0,0,0,0,0,0,0,1,0,0,0,0,1,1,0,0,0,0,0,0,0,0,0,0,0,0,0,0,0,0,0,
동탄역(동측),55399,701A,동탄2차고지 - 동탄2차고지,2024-05,국가유공자,0,1,0,0,0,0,0,0,0,0,0,0,0,0,0,1,0,0,0,0,0,0,0,0,0,0,0,0,0,0,0,0,0,0,0,0,0,0,0,0,0,0,0,0,0,0,0,0,
동탄역(동측),55399,709,서동탄역 - 서동탄역,2024-05,일반인,0,0,1,13,29,205,67,103,60,189,78,219,66,110,31,142,64,89,86,120,89,124,119,119,190,124,82,84,356,157,205,56,300,49,160,43,0,0,0,0,0,0,0,0,0,0,0,0,
동탄역(동측),55399,709,서동탄역 - 서동탄역,2024-05,어린이,0,0,0,0,0,0,0,0,3,2,0,0,4,0,0,1,1,0,3,2,2,4,5,3,2,8,1,4,3,2,2,1,0,1,0,0,0,0,0,0,0,0,0,0,0,0,0,0,
동탄역(동측),55399,709,서동탄역 - 서동탄역,2024-05,청소년,0,0,0,0,0,1,2,5,10,3,2,1,5,1,7,4,2,1,4,7,15,15,16,15,15,61,8,48,28,11,12,3,22,5,10,7,0,0,0,0,0,0,0,0,0,0,0,0,
동탄역(동측),55399,709,서동탄역 - 서동탄역,2024-05,경로,0,0,0,19,0,18,3,14,5,5,7,21,8,15,7,17,14,9,12,20,27,16,11,14,25,19,6,10,6,2,3,6,8,1,1,0,0,0,0,0,0,0,0,0,0,0,0,0,
동탄역(동측),55399,709,서동탄역 - 서동탄역,2024-05,장애인,0,0,0,0,1,1,0,0,3,0,0,2,1,2,0,1,0,0,0,0,0,0,0,0,0,0,0,0,0,1,0,0,1,0,0,0,0,0,0,0,0,0,0,0,0,0,0,0,
동탄역(동측),55399,709,서동탄역 - 서동탄역,2024-05,국가유공자,0,0,0,0,0,0,0,0,0,0,0,0,0,1,0,0,0,0,0,0,0,0,0,1,1,0,0,0,0,0,0,1,0,0,0,0,0,0,0,0,0,0,0,0,0,0,0,0,
동탄역(동측),55399,73,동탄2차고지 - 동탄2차고지,2024-05,일반인,0,0,0,0,0,1,0,0,0,0,0,0,0,0,0,0,0,0,0,0,0,0,0,0,0,0,0,0,0,0,0,0,0,0,0,0,0,0,0,0,0,0,0,0,0,0,0,0,
동탄역(동측),55399,81,향남부영10.11단지 - 향남부영10.11단지,2024-05,일반인,0,0,0,0,0,0,43,15,49,28,27,17,0,0,2,5,98,63,28,27,9,0,0,0,109,56,44,16,43,23,0,0,253,34,0,4,0,0,0,0,0,0,0,0,0,0,0,0,
동탄역(동측),55399,81,향남부영10.11단지 - 향남부영10.11단지,2024-05,어린이,0,0,0,0,0,0,0,0,1,0,0,1,0,0,0,0,0,0,0,0,0,0,0,0,3,0,0,1,0,0,0,0,1,0,0,0,0,0,0,0,0,0,0,0,0,0,0,0,
동탄역(동측),55399,81,향남부영10.11단지 - 향남부영10.11단지,2024-05,청소년,0,0,0,0,0,0,1,0,1,4,0,0,0,0,0,0,3,5,0,3,0,0,0,0,7,7,1,0,4,1,0,0,6,0,0,1,0,0,0,0,0,0,0,0,0,0,0,0,
동탄역(동측),55399,81,향남부영10.11단지 - 향남부영10.11단지,2024-05,경로,0,0,0,0,0,0,0,0,0,6,2,2,0,0,0,1,6,13,1,2,1,0,0,0,13,3,2,1,1,0,0,0,0,1,0,0,0,0,0,0,0,0,0,0,0,0,0,0,
동탄역(동측),55399,81,향남부영10.11단지 - 향남부영10.11단지,2024-05,장애인,0,0,0,0,0,0,0,1,0,0,0,1,0,0,0,0,0,0,0,0,0,0,0,0,0,0,1,0,1,1,0,0,1,0,0,0,0,0,0,0,0,0,0,0,0,0,0,0,
동탄역(동측),55399,81,향남부영10.11단지 - 향남부영10.11단지,2024-05,국가유공자,0,0,0,0,0,0,0,0,0,0,0,0,0,0,0,0,0,0,0,0,0,0,0,0,0,0,0,0,0,0,0,0,0,1,0,0,0,0,0,0,0,0,0,0,0,0,0,0,
동탄역(동측),55399,8202,안성종합버스터미널(시외버스) - 안성종합버스터미널(시외버스),2024-05,일반인,0,0,0,0,63,35,115,43,78,29,49,45,93,97,53,72,57,60,59,78,29,43,62,71,97,143,78,110,118,103,109,142,72,67,75,63,67,24,63,48,0,0,0,0,0,0,0,0,
동탄역(동측),55399,8202,안성종합버스터미널(시외버스) - 안성종합버스터미널(시외버스),2024-05,어린이,0,0,0,0,0,0,0,1,0,0,2,0,0,0,0,0,0,0,0,0,0,0,0,3,1,0,0,1,0,0,0,1,0,0,1,0,0,0,0,0,0,0,0,0,0,0,0,0,
동탄역(동측),55399,8202,안성종합버스터미널(시외버스) - 안성종합버스터미널(시외버스),2024-05,청소년,0,0,0,0,2,0,6,19,21,2,28,0,6,1,8,7,8,6,8,13,1,21,1,14,6,24,1,38,7,17,11,12,0,4,9,8,1,6,1,2,0,0,0,0,0,0,0,0,
동탄역(동측),55399,8202,안성종합버스터미널(시외버스) - 안성종합버스터미널(시외버스),2024-05,경로,0,0,0,0,0,1,0,0,0,1,0,2,4,4,3,1,2,0,1,1,3,1,0,0,4,0,0,0,1,0,2,1,1,1,0,0,0,0,0,0,0,0,0,0,0,0,0,0,
동탄역(동측),55399,8202,안성종합버스터미널(시외버스) - 안성종합버스터미널(시외버스),2024-05,장애인,0,0,0,0,0,0,0,0,0,0,1,0,0,0,0,0,1,0,0,0,0,0,0,1,0,1,0,0,3,0,0,0,0,0,0,0,0,0,0,0,0,0,0,0,0,0,0,0,
동탄역(동측),55399,9,오산역환승센터2층(1승강장) - 오산역환승센터2층(1승강장),2024-05,일반인,0,0,16,90,24,233,76,340,164,510,119,335,87,214,134,223,111,153,208,238,145,94,199,166,357,223,347,159,511,239,442,166,508,117,401,128,309,101,0,0,0,0,0,0,0,0,0,0,
동탄역(동측),55399,9,오산역환승센터2층(1승강장) - 오산역환승센터2층(1승강장),2024-05,어린이,0,0,0,0,0,0,5,1,4,1,1,8,1,1,0,4,0,5,1,5,0,1,2,2,2,4,3,2,1,1,4,0,0,1,1,2,1,1,0,0,0,0,0,0,0,0,0,0,
동탄역(동측),55399,9,오산역환승센터2층(1승강장) - 오산역환승센터2층(1승강장),2024-05,청소년,0,0,0,1,0,1,24,4,53,13,1,12,1,6,2,18,7,6,11,19,6,11,10,26,26,42,40,66,26,20,22,11,22,16,16,18,21,24,0,0,0,0,0,0,0,0,0,0,
동탄역(동측),55399,9,오산역환승센터2층(1승강장) - 오산역환승센터2층(1승강장),2024-05,경로,0,0,0,15,1,5,2,11,1,15,2,5,8,10,6,15,11,17,9,29,15,9,22,11,49,19,13,11,7,5,7,1,8,2,20,1,4,1,0,0,0,0,0,0,0,0,0,0,
동탄역(동측),55399,9,오산역환승센터2층(1승강장) - 오산역환승센터2층(1승강장),2024-05,장애인,0,0,0,0,0,0,1,1,1,3,0,2,2,1,1,2,1,0,0,1,1,0,1,1,4,1,2,1,4,0,1,2,0,1,6,0,2,0,0,0,0,0,0,0,0,0,0,0,
동탄역(동측),55399,9,오산역환승센터2층(1승강장) - 오산역환승센터2층(1승강장),2024-05,국가유공자,0,0,0,0,0,0,1,1,0,0,0,1,1,3,0,1,1,1,2,1,0,0,1,0,0,1,1,0,0,1,0,0,0,0,1,0,0,0,0,0,0,0,0,0,0,0,0,0,
동탄역(동측),55399,90,오산역환승센터2층(1승강장) - 오산역환승센터2층(1승강장),2024-05,일반인,0,0,0,0,0,65,0,0,2,52,0,0,3,52,0,0,0,0,7,51,0,1,9,21,0,0,28,59,0,0,0,0,15,18,0,0,0,0,0,0,0,0,0,0,0,0,0,0,
동탄역(동측),55399,90,오산역환승센터2층(1승강장) - 오산역환승센터2층(1승강장),2024-05,어린이,0,0,0,0,0,0,0,0,0,0,0,0,0,0,0,0,0,0,0,0,0,0,0,0,0,0,0,1,0,0,0,0,0,0,0,0,0,0,0,0,0,0,0,0,0,0,0,0,
동탄역(동측),55399,90,오산역환승센터2층(1승강장) - 오산역환승센터2층(1승강장),2024-05,청소년,0,0,0,0,0,1,0,0,0,1,0,0,0,0,0,0,0,0,0,1,0,0,1,0,0,0,1,11,0,0,0,0,0,0,0,0,0,0,0,0,0,0,0,0,0,0,0,0,
동탄역(동측),55399,90,오산역환승센터2층(1승강장) - 오산역환승센터2층(1승강장),2024-05,경로,0,0,0,0,0,7,0,0,0,0,0,0,0,3,0,0,0,1,1,7,0,0,1,0,0,0,0,3,0,0,0,0,1,1,0,0,0,0,0,0,0,0,0,0,0,0,0,0,
동탄역(동측),55399,90,오산역환승센터2층(1승강장) - 오산역환승센터2층(1승강장),2024-05,장애인,0,0,0,0,0,1,0,0,0,0,0,0,0,0,0,0,0,0,0,0,0,0,0,0,0,0,1,0,0,0,0,0,0,0,0,0,0,0,0,0,0,0,0,0,0,0,0,0,
동탄역(동측),55399,94,기흥역4번출구.기흥역시외버스정류소 - 기흥역5번출구,2024-05,일반인,0,0,0,0,44,71,137,88,110,26,103,57,73,27,0,0,143,52,94,59,89,26,127,28,71,22,176,49,239,73,161,47,329,29,2,0,157,11,0,0,0,0,0,0,0,0,0,0,
동탄역(동측),55399,94,기흥역4번출구.기흥역시외버스정류소 - 기흥역5번출구,2024-05,어린이,0,0,0,0,0,2,0,0,1,0,0,0,2,0,0,0,0,0,0,0,1,0,1,0,5,1,0,0,1,0,2,0,2,0,0,0,0,0,0,0,0,0,0,0,0,0,0,0,
동탄역(동측),55399,94,기흥역4번출구.기흥역시외버스정류소 - 기흥역5번출구,2024-05,청소년,0,0,0,0,3,0,11,0,5,0,9,0,5,1,0,0,8,2,3,1,2,0,1,1,4,2,4,3,2,9,6,0,3,0,0,0,6,1,0,0,0,0,0,0,0,0,0,0,
동탄역(동측),55399,94,기흥역4번출구.기흥역시외버스정류소 - 기흥역5번출구,2024-05,경로,0,0,0,0,1,4,14,11,0,1,9,7,8,2,0,0,14,2,8,5,7,3,3,1,3,1,11,1,5,4,2,0,1,2,0,0,1,0,0,0,0,0,0,0,0,0,0,0,
동탄역(동측),55399,94,기흥역4번출구.기흥역시외버스정류소 - 기흥역5번출구,2024-05,장애인,0,0,0,0,0,0,0,0,0,0,7,2,0,1,0,0,3,0,0,1,0,2,0,7,1,4,0,2,1,0,0,0,0,0,0,0,0,0,0,0,0,0,0,0,0,0,0,0,
동탄역(동측),55399,94,기흥역4번출구.기흥역시외버스정류소 - 기흥역5번출구,2024-05,국가유공자,0,0,0,0,0,0,0,0,0,0,0,1,0,0,0,0,0,0,0,0,0,0,0,1,0,0,0,0,0,0,0,0,0,0,0,0,0,0,0,0,0,0,0,0,0,0,0,0,
동탄역(동측),55399,G6010,오산역환승센터2층(2승강장) - 오산역환승센터2층(2승강장),2024-05,일반인,0,0,3,14,30,35,167,158,115,210,92,254,121,177,87,87,62,44,37,32,77,75,92,44,173,74,193,70,201,79,241,53,650,52,123,27,137,19,151,14,0,0,0,0,0,0,0,0,
동탄역(동측),55399,G6010,오산역환승센터2층(2승강장) - 오산역환승센터2층(2승강장),2024-05,어린이,0,0,0,0,0,0,0,0,0,0,0,1,2,0,0,0,0,0,0,0,0,0,0,2,0,1,0,2,0,0,0,0,0,0,0,0,0,0,0,0,0,0,0,0,0,0,0,0,
동탄역(동측),55399,G6010,오산역환승센터2층(2승강장) - 오산역환승센터2층(2승강장),2024-05,청소년,0,0,0,0,18,0,28,1,17,4,9,0,19,6,6,2,1,7,5,1,3,9,9,2,9,18,2,7,12,4,6,1,9,5,7,5,7,1,5,1,0,0,0,0,0,0,0,0,
동탄역(동측),55399,G6010,오산역환승센터2층(2승강장) - 오산역환승센터2층(2승강장),2024-05,경로,0,0,0,0,0,0,0,0,2,0,1,0,3,2,3,0,0,0,2,0,4,0,2,0,3,1,3,1,1,0,2,0,5,0,2,0,1,0,2,0,0,0,0,0,0,0,0,0,
동탄역(동측),55399,G6010,오산역환승센터2층(2승강장) - 오산역환승센터2층(2승강장),2024-05,장애인,0,0,0,0,0,1,0,1,0,0,0,0,0,0,1,2,0,0,0,0,0,0,0,0,2,0,2,0,0,0,0,1,0,1,0,0,0,0,1,0,0,0,0,0,0,0,0,0,
동탄역(동측),55399,G6010,오산역환승센터2층(2승강장) - 오산역환승센터2층(2승강장),2024-05,국가유공자,0,0,0,0,0,0,0,0,0,0,0,0,0,0,0,0,0,0,0,0,0,0,0,0,1,0,0,0,0,0,2,0,0,0,0,0,0,0,0,0,0,0,0,0,0,0,0,0,
동탄역(동측),55399,H1,동탄2차고지 - 동탄2차고지,2024-05,일반인,0,0,80,93,144,246,197,353,193,429,207,346,164,289,172,187,159,222,191,184,148,201,185,138,373,204,354,213,484,246,404,201,585,140,276,128,362,123,59,30,0,0,0,0,0,0,0,0,
동탄역(동측),55399,H1,동탄2차고지 - 동탄2차고지,2024-05,어린이,0,0,0,0,0,0,9,2,3,4,0,3,0,5,1,5,0,5,1,7,0,6,3,4,6,4,3,2,2,3,2,0,0,6,0,0,0,3,0,0,0,0,0,0,0,0,0,0,
동탄역(동측),55399,H1,동탄2차고지 - 동탄2차고지,2024-05,청소년,0,0,0,0,1,2,9,3,12,5,1,7,1,15,3,9,4,28,4,12,12,17,3,15,5,56,16,85,12,39,17,21,4,14,3,14,2,29,1,2,0,0,0,0,0,0,0,0,
동탄역(동측),55399,H1,동탄2차고지 - 동탄2차고지,2024-05,경로,0,0,0,12,8,15,2,20,2,31,11,36,5,38,11,18,15,35,4,32,18,44,10,23,20,29,53,23,4,10,7,5,7,8,3,3,0,2,1,2,0,0,0,0,0,0,0,0,
동탄역(동측),55399,H1,동탄2차고지 - 동탄2차고지,2024-05,장애인,0,0,0,0,3,10,0,1,1,1,0,4,0,0,0,3,2,1,0,3,2,0,3,0,0,0,1,1,4,0,0,1,0,0,0,0,0,1,0,0,0,0,0,0,0,0,0,0,
동탄역(동측),55399,H1,동탄2차고지 - 동탄2차고지,2024-05,국가유공자,0,0,0,0,0,0,0,0,0,0,0,1,0,0,0,1,0,0,0,0,0,0,1,0,0,0,0,0,0,1,0,0,0,0,0,0,0,0,0,0,0,0,0,0,0,0,0,0,
동탄역(동측),55399,H100,동탄2차고지 - 동탄2차고지,2024-05,일반인,0,0,10,17,38,78,0,0,0,0,0,0,0,0,0,0,36,32,28,18,0,0,0,0,0,0,0,0,172,54,0,0,182,11,0,0,0,0,0,0,0,0,0,0,0,0,0,0,
동탄역(동측),55399,H100,동탄2차고지 - 동탄2차고지,2024-05,어린이,0,0,0,0,0,0,0,0,0,0,0,0,0,0,0,0,0,1,0,0,0,0,0,0,0,0,0,0,0,1,0,0,2,0,0,0,0,0,0,0,0,0,0,0,0,0,0,0,
동탄역(동측),55399,H100,동탄2차고지 - 동탄2차고지,2024-05,청소년,0,0,0,0,0,0,0,0,0,0,0,0,0,0,0,0,1,2,0,0,0,0,0,0,0,0,0,0,2,11,0,0,4,4,0,0,0,0,0,0,0,0,0,0,0,0,0,0,
동탄역(동측),55399,H100,동탄2차고지 - 동탄2차고지,2024-05,경로,0,0,0,1,6,1,0,0,0,0,0,0,0,0,0,0,2,5,2,2,0,0,0,0,0,0,0,0,1,2,0,0,0,1,0,0,0,0,0,0,0,0,0,0,0,0,0,0,
동탄역(동측),55399,H100,동탄2차고지 - 동탄2차고지,2024-05,장애인,0,0,0,0,4,0,0,0,0,0,0,0,0,0,0,0,0,0,0,0,0,0,0,0,0,0,0,0,0,0,0,0,0,0,0,0,0,0,0,0,0,0,0,0,0,0,0,0,
동탄역(동측),55399,H100,동탄2차고지 - 동탄2차고지,2024-05,국가유공자,0,0,0,0,0,0,0,0,0,0,0,0,0,0,0,0,0,1,0,0,0,0,0,0,0,0,0,0,0,0,0,0,0,0,0,0,0,0,0,0,0,0,0,0,0,0,0,0,
동탄역(동측),55399,H101,무봉산자연휴양림 - 무봉산자연휴양림,2024-05,일반인,0,0,0,0,3,20,2,53,18,72,0,0,25,52,0,0,21,47,0,0,19,42,12,39,0,0,51,59,0,0,57,31,48,19,0,0,35,17,7,5,32,8,0,0,0,0,0,0,
동탄역(동측),55399,H101,무봉산자연휴양림 - 무봉산자연휴양림,2024-05,어린이,0,0,0,0,0,0,0,0,0,0,0,0,0,0,0,0,0,0,0,0,0,0,0,0,0,0,1,0,0,0,0,0,0,0,0,0,0,1,0,0,0,0,0,0,0,0,0,0,
동탄역(동측),55399,H101,무봉산자연휴양림 - 무봉산자연휴양림,2024-05,청소년,0,0,0,0,0,5,0,1,0,0,0,0,0,4,0,0,0,2,0,0,1,6,2,4,0,0,5,18,0,0,6,2,2,5,0,0,1,1,0,0,3,0,0,0,0,0,0,0,
동탄역(동측),55399,H101,무봉산자연휴양림 - 무봉산자연휴양림,2024-05,경로,0,0,0,0,0,0,0,2,0,5,0,0,2,17,0,0,0,3,0,0,5,4,3,4,0,0,5,2,0,0,3,0,11,0,0,0,1,0,0,0,0,0,0,0,0,0,0,0,
동탄역(동측),55399,H101,무봉산자연휴양림 - 무봉산자연휴양림,2024-05,장애인,0,0,0,0,0,0,0,0,0,0,0,0,0,0,0,0,0,1,0,0,0,0,1,0,0,0,0,0,0,0,0,0,0,0,0,0,0,0,0,0,0,0,0,0,0,0,0,0,
동탄역(동측),55399,H101,무봉산자연휴양림 - 무봉산자연휴양림,2024-05,국가유공자,0,0,0,0,0,1,0,17,0,0,0,0,0,0,0,0,0,0,0,0,0,0,0,0,0,0,0,0,0,0,0,0,0,0,0,0,0,0,0,0,0,0,0,0,0,0,0,0,
동탄역(동측),55399,H102,동탄2차고지 - 동탄2차고지,2024-05,일반인,0,0,11,15,1,31,47,114,0,0,5,38,29,31,18,62,21,19,15,12,28,11,34,11,56,34,45,40,120,23,104,38,14,6,76,19,67,13,0,0,0,0,0,0,0,0,0,0,
동탄역(동측),55399,H102,동탄2차고지 - 동탄2차고지,2024-05,어린이,0,0,0,0,0,0,0,0,0,0,0,1,0,0,2,0,0,0,0,0,2,0,0,0,2,0,0,0,4,1,1,0,0,0,1,0,0,0,0,0,0,0,0,0,0,0,0,0,
동탄역(동측),55399,H102,동탄2차고지 - 동탄2차고지,2024-05,청소년,0,0,0,0,0,0,10,2,0,0,1,2,0,0,0,4,1,0,0,1,3,0,2,0,4,6,4,22,7,3,10,0,0,1,3,0,17,0,0,0,0,0,0,0,0,0,0,0,
동탄역(동측),55399,H102,동탄2차고지 - 동탄2차고지,2024-05,경로,0,0,0,0,0,3,0,7,0,0,1,2,3,2,3,7,6,3,8,1,3,3,19,2,8,5,2,6,2,1,2,3,0,2,0,0,1,0,0,0,0,0,0,0,0,0,0,0,
동탄역(동측),55399,H102,동탄2차고지 - 동탄2차고지,2024-05,장애인,0,0,0,0,0,0,0,2,0,0,0,0,0,0,0,0,1,0,0,0,0,0,1,0,0,0,0,0,0,1,0,0,0,0,0,0,0,0,0,0,0,0,0,0,0,0,0,0,
동탄역(동측),55399,H102,동탄2차고지 - 동탄2차고지,2024-05,국가유공자,0,0,0,0,0,0,0,0,0,0,0,1,0,0,0,0,0,0,0,0,0,0,0,0,0,0,0,0,0,0,0,0,0,0,0,0,0,0,0,0,0,0,0,0,0,0,0,0,
동탄역(동측),55399,H11,방아다리마을 - 방교동,2024-05,일반인,0,0,7,18,12,146,44,269,49,158,25,171,45,158,28,69,57,123,47,109,71,60,128,103,164,108,112,58,186,95,117,90,217,91,112,49,0,0,0,0,0,0,0,0,0,0,0,0,
동탄역(동측),55399,H11,방아다리마을 - 방교동,2024-05,어린이,0,0,0,0,0,0,4,0,0,1,0,0,1,1,1,2,1,1,0,0,1,1,2,4,8,3,0,0,2,1,2,0,2,0,0,0,0,0,0,0,0,0,0,0,0,0,0,0,
동탄역(동측),55399,H11,방아다리마을 - 방교동,2024-05,청소년,0,0,0,0,3,1,30,3,10,1,1,3,1,5,5,3,1,6,3,6,6,2,11,28,28,15,8,15,20,10,13,9,17,11,4,2,0,0,0,0,0,0,0,0,0,0,0,0,
동탄역(동측),55399,H11,방아다리마을 - 방교동,2024-05,경로,0,0,1,0,1,12,0,29,0,12,5,9,38,12,7,4,14,10,14,23,16,21,19,17,26,14,19,3,7,3,4,3,8,1,6,1,0,0,0,0,0,0,0,0,0,0,0,0,
동탄역(동측),55399,H11,방아다리마을 - 방교동,2024-05,장애인,0,0,0,0,0,5,0,0,0,0,0,0,0,2,0,0,1,1,0,1,2,1,0,1,0,1,0,0,0,1,1,0,0,0,1,1,0,0,0,0,0,0,0,0,0,0,0,0,
동탄역(동측),55399,H11,방아다리마을 - 방교동,2024-05,국가유공자,0,0,0,0,0,0,0,0,0,0,0,0,0,0,0,0,0,0,0,0,0,0,0,0,0,0,0,0,0,0,0,0,1,0,0,0,0,0,0,0,0,0,0,0,0,0,0,0,
동탄역(동측),55399,H12,장지동농협 - 장지동,2024-05,일반인,0,0,3,3,55,105,50,153,90,96,40,109,24,91,77,140,37,42,36,65,57,127,101,115,135,85,171,90,201,62,380,88,208,29,26,3,0,0,0,0,0,0,0,0,0,0,0,0,
동탄역(동측),55399,H12,장지동농협 - 장지동,2024-05,어린이,0,0,0,0,1,0,0,0,0,0,0,3,0,1,0,2,0,1,1,1,0,2,0,5,3,1,0,1,6,3,0,0,0,2,0,0,0,0,0,0,0,0,0,0,0,0,0,0,
동탄역(동측),55399,H12,장지동농협 - 장지동,2024-05,청소년,0,0,0,0,0,2,14,0,0,1,0,0,0,4,0,13,0,5,1,10,0,12,4,20,1,15,4,21,5,17,6,12,3,5,0,3,0,0,0,0,0,0,0,0,0,0,0,0,
동탄역(동측),55399,H12,장지동농협 - 장지동,2024-05,경로,0,0,0,3,0,7,5,2,0,23,11,14,0,29,8,26,2,3,1,18,9,23,12,23,5,4,3,5,7,2,3,2,0,2,0,0,0,0,0,0,0,0,0,0,0,0,0,0,
동탄역(동측),55399,H12,장지동농협 - 장지동,2024-05,장애인,0,0,0,0,0,0,0,0,0,0,0,1,0,0,0,0,0,2,0,0,0,0,0,1,0,0,6,0,0,0,0,0,0,0,0,0,0,0,0,0,0,0,0,0,0,0,0,0,
동탄역(동측),55399,H15,동탄역(동측) - 동탄역(동측),2024-05,일반인,0,0,5,0,3,90,0,125,2,55,2,35,6,76,17,50,14,40,0,52,4,20,6,0,22,58,45,37,77,49,75,23,54,23,19,11,29,36,0,0,0,0,0,0,0,0,0,0,
동탄역(동측),55399,H15,동탄역(동측) - 동탄역(동측),2024-05,어린이,0,0,0,0,0,2,0,0,0,3,0,0,0,0,0,0,0,1,0,4,0,0,1,0,1,3,0,4,4,0,1,2,0,0,0,0,1,0,0,0,0,0,0,0,0,0,0,0,
동탄역(동측),55399,H15,동탄역(동측) - 동탄역(동측),2024-05,청소년,0,0,0,0,0,4,1,1,0,12,0,1,0,6,0,4,0,3,0,9,0,0,3,0,0,8,5,12,5,16,15,5,3,7,1,3,0,24,0,0,0,0,0,0,0,0,0,0,
동탄역(동측),55399,H15,동탄역(동측) - 동탄역(동측),2024-05,경로,0,0,7,0,3,12,0,9,1,17,1,5,0,17,6,15,5,8,0,25,4,4,4,0,10,6,35,5,12,2,10,3,16,1,2,1,1,1,0,0,0,0,0,0,0,0,0,0,
동탄역(동측),55399,H15,동탄역(동측) - 동탄역(동측),2024-05,장애인,0,0,0,0,0,1,0,0,0,0,0,0,3,0,0,1,0,0,0,2,1,0,1,0,0,0,1,1,1,0,0,1,0,0,1,0,0,0,0,0,0,0,0,0,0,0,0,0,
동탄역(동측),55399,H17,장지동농협 - 장지동,2024-05,일반인,0,0,9,29,11,144,51,325,73,318,23,86,48,107,27,78,35,87,51,51,122,126,52,47,161,112,186,87,145,72,309,90,224,25,0,0,0,0,0,0,0,0,0,0,0,0,0,0,
동탄역(동측),55399,H17,장지동농협 - 장지동,2024-05,어린이,0,0,0,0,0,0,1,0,5,3,0,1,0,1,1,1,1,4,1,1,12,4,2,1,5,0,3,1,1,3,4,0,2,0,0,0,0,0,0,0,0,0,0,0,0,0,0,0,
동탄역(동측),55399,H17,장지동농협 - 장지동,2024-05,청소년,0,0,0,0,0,0,3,1,28,3,0,4,0,7,3,2,2,10,0,4,8,5,7,10,15,15,15,19,12,7,5,7,1,0,0,0,0,0,0,0,0,0,0,0,0,0,0,0,
동탄역(동측),55399,H17,장지동농협 - 장지동,2024-05,경로,0,0,0,1,1,31,6,34,5,28,5,18,9,18,8,11,13,23,7,15,15,22,22,4,17,10,7,2,5,4,4,4,5,3,0,0,0,0,0,0,0,0,0,0,0,0,0,0,
동탄역(동측),55399,H17,장지동농협 - 장지동,2024-05,장애인,0,0,0,0,0,1,0,4,2,1,0,5,0,4,0,0,1,2,2,0,1,0,0,0,1,1,0,0,0,0,1,2,0,1,0,0,0,0,0,0,0,0,0,0,0,0,0,0,
동탄역(동측),55399,H18,호수자이파밀리에 - 호수자이파밀리에,2024-05,일반인,0,0,0,0,7,195,11,187,7,121,11,184,22,115,20,97,22,74,30,73,33,53,43,60,53,28,67,57,217,90,165,47,58,14,35,24,0,0,0,0,0,0,0,0,0,0,0,0,
동탄역(동측),55399,H18,호수자이파밀리에 - 호수자이파밀리에,2024-05,어린이,0,0,0,0,0,0,0,0,0,1,0,4,0,2,0,3,0,1,1,0,0,1,2,9,3,0,0,0,2,5,1,4,0,0,1,0,0,0,0,0,0,0,0,0,0,0,0,0,
동탄역(동측),55399,H18,호수자이파밀리에 - 호수자이파밀리에,2024-05,청소년,0,0,0,0,0,2,3,6,39,5,0,5,3,1,1,7,0,3,1,10,3,5,0,4,1,9,5,26,27,9,15,7,0,8,6,9,0,0,0,0,0,0,0,0,0,0,0,0,
동탄역(동측),55399,H18,호수자이파밀리에 - 호수자이파밀리에,2024-05,경로,0,0,0,0,0,4,0,2,0,6,2,11,3,25,3,25,14,13,5,20,10,5,14,5,9,3,12,2,10,3,3,0,6,0,7,0,0,0,0,0,0,0,0,0,0,0,0,0,
동탄역(동측),55399,H18,호수자이파밀리에 - 호수자이파밀리에,2024-05,장애인,0,0,0,0,0,1,0,0,0,0,0,0,0,0,0,0,0,0,0,1,1,0,1,0,1,1,2,0,2,1,0,0,0,0,3,0,0,0,0,0,0,0,0,0,0,0,0,0,
동탄역(동측),55399,H18,호수자이파밀리에 - 호수자이파밀리에,2024-05,국가유공자,0,0,0,0,0,0,0,1,0,0,0,0,0,0,0,0,0,0,0,0,0,0,0,0,0,0,0,0,0,0,0,0,0,0,0,0,0,0,0,0,0,0,0,0,0,0,0,0,
동탄역(동측),55399,H2,장지동농협 - 장지동농협,2024-05,일반인,0,0,0,0,7,21,86,338,99,479,109,650,98,436,132,303,184,161,201,214,211,176,227,166,386,192,362,211,459,146,560,194,616,91,297,84,427,59,431,41,1,0,0,0,0,0,0,0,
동탄역(동측),55399,H2,장지동농협 - 장지동농협,2024-05,어린이,0,0,0,0,0,0,3,1,10,2,1,2,4,2,0,6,2,4,6,4,8,3,5,0,11,4,17,0,9,0,1,0,5,0,6,0,1,0,0,0,0,0,0,0,0,0,0,0,
동탄역(동측),55399,H2,장지동농협 - 장지동농협,2024-05,청소년,0,0,0,0,0,0,11,10,52,4,10,5,6,9,6,10,12,13,20,17,29,15,25,15,33,51,42,52,40,12,60,14,46,16,27,14,35,9,43,4,0,0,0,0,0,0,0,0,
동탄역(동측),55399,H2,장지동농협 - 장지동농협,2024-05,경로,0,0,0,0,0,5,4,73,2,20,9,38,23,49,18,42,24,38,22,22,40,15,40,26,38,18,27,11,28,9,24,4,35,7,6,0,8,2,8,2,0,0,0,0,0,0,0,0,
동탄역(동측),55399,H2,장지동농협 - 장지동농협,2024-05,장애인,0,0,0,0,0,0,0,0,0,0,0,0,0,2,0,1,1,0,1,2,0,1,1,1,3,1,1,0,1,0,1,0,1,0,2,0,1,0,0,0,0,0,0,0,0,0,0,0,
동탄역(동측),55399,H2,장지동농협 - 장지동농협,2024-05,국가유공자,0,0,0,0,0,0,0,0,0,0,0,0,0,1,0,0,0,0,0,0,0,0,1,0,0,0,1,0,0,0,1,0,0,0,0,0,0,0,0,0,0,0,0,0,0,0,0,0,
동탄역(동측),55399,H20,병점역후문 - 병점역후문,2024-05,일반인,0,0,0,0,4,88,36,144,57,96,23,246,21,111,19,92,21,142,40,111,15,69,24,116,50,99,53,118,72,114,68,115,47,43,60,27,37,40,0,29,0,0,0,0,0,0,0,0,
동탄역(동측),55399,H20,병점역후문 - 병점역후문,2024-05,어린이,0,0,0,0,0,1,0,0,0,0,0,0,0,2,0,0,0,2,0,0,0,1,0,2,0,1,3,3,0,2,0,1,0,0,0,0,0,0,0,0,0,0,0,0,0,0,0,0,
동탄역(동측),55399,H20,병점역후문 - 병점역후문,2024-05,청소년,0,0,0,0,0,2,1,3,0,4,0,1,0,4,1,1,2,6,3,6,0,2,2,7,6,22,3,17,3,8,3,6,1,2,0,1,5,4,0,3,0,0,0,0,0,0,0,0,
동탄역(동측),55399,H20,병점역후문 - 병점역후문,2024-05,경로,0,0,0,0,0,2,1,18,3,5,2,21,1,12,4,11,1,17,3,18,1,23,7,10,14,24,4,7,2,2,2,3,7,2,1,1,0,0,0,0,0,0,0,0,0,0,0,0,
동탄역(동측),55399,H20,병점역후문 - 병점역후문,2024-05,장애인,0,0,0,0,0,0,0,0,0,0,0,2,0,0,0,0,3,0,0,1,0,1,1,0,2,0,1,0,2,0,1,0,0,0,1,0,0,1,0,0,0,0,0,0,0,0,0,0,
동탄역(동측),55399,H20,병점역후문 - 병점역후문,2024-05,국가유공자,0,0,0,0,0,0,0,0,0,0,0,0,0,1,0,0,1,0,0,0,0,0,0,0,0,0,0,0,0,0,0,0,0,0,0,0,0,0,0,0,0,0,0,0,0,0,0,0,
동탄역(동측),55399,H24,병점역사거리 - 센트럴허브시티.송화초교,2024-05,일반인,0,0,0,0,3,82,3,99,11,104,35,85,10,27,0,0,1,7,14,31,24,24,26,20,51,28,0,0,1,0,105,35,62,9,53,10,0,0,0,0,0,0,0,0,0,0,0,0,
동탄역(동측),55399,H24,병점역사거리 - 센트럴허브시티.송화초교,2024-05,어린이,0,0,0,0,0,0,0,0,0,0,0,0,0,1,0,0,0,0,0,2,1,4,0,1,2,0,0,0,0,0,4,0,0,0,0,0,0,0,0,0,0,0,0,0,0,0,0,0,
동탄역(동측),55399,H24,병점역사거리 - 센트럴허브시티.송화초교,2024-05,청소년,0,0,0,0,0,2,0,2,8,8,0,1,0,2,0,0,0,0,0,1,1,0,2,1,6,19,0,0,0,0,3,3,5,3,6,2,0,0,0,0,0,0,0,0,0,0,0,0,
동탄역(동측),55399,H24,병점역사거리 - 센트럴허브시티.송화초교,2024-05,경로,0,0,0,0,0,17,1,0,1,2,3,7,5,1,0,0,2,0,2,0,12,2,11,3,15,2,0,0,0,0,5,0,3,0,6,1,0,0,0,0,0,0,0,0,0,0,0,0,
동탄역(동측),55399,H24,병점역사거리 - 센트럴허브시티.송화초교,2024-05,장애인,0,0,0,0,0,1,0,1,0,5,0,0,1,0,0,0,0,0,0,0,0,0,0,0,0,1,0,0,0,0,0,0,0,0,0,0,0,0,0,0,0,0,0,0,0,0,0,0,
동탄역(동측),55399,H24,병점역사거리 - 센트럴허브시티.송화초교,2024-05,국가유공자,0,0,0,0,0,0,0,0,0,0,0,0,0,0,0,0,0,0,0,0,1,0,0,0,0,0,0,0,0,0,0,0,0,0,0,0,0,0,0,0,0,0,0,0,0,0,0,0,
동탄역(동측),55399,H4,병점역.화성청년지원센터 - 병점역.화성청년지원센터,2024-05,일반인,0,0,0,0,0,0,0,0,0,0,0,0,0,0,0,0,0,0,0,0,0,0,0,0,0,0,0,0,0,0,0,0,0,0,0,0,172,44,476,62,196,72,184,42,37,3,15,3,
동탄역(동측),55399,H4,병점역.화성청년지원센터 - 병점역.화성청년지원센터,2024-05,어린이,0,0,0,0,0,0,0,0,0,0,0,0,0,0,0,0,0,0,0,0,0,0,0,0,0,0,0,0,0,0,0,0,0,0,0,0,0,0,1,0,0,0,0,0,0,0,0,0,
동탄역(동측),55399,H4,병점역.화성청년지원센터 - 병점역.화성청년지원센터,2024-05,청소년,0,0,0,0,0,0,0,0,0,0,0,0,0,0,0,0,0,0,0,0,0,0,0,0,0,0,0,0,0,0,0,0,0,0,0,0,5,6,12,2,4,6,6,2,1,0,0,0,
동탄역(동측),55399,H4,병점역.화성청년지원센터 - 병점역.화성청년지원센터,2024-05,경로,0,0,0,0,0,0,0,0,0,0,0,0,0,0,0,0,0,0,0,0,0,0,0,0,0,0,0,0,0,0,0,0,0,0,0,0,8,1,5,3,3,2,2,0,0,0,0,0,
동탄역(동측),55399,H4,병점역.화성청년지원센터 - 병점역.화성청년지원센터,2024-05,장애인,0,0,0,0,0,0,0,0,0,0,0,0,0,0,0,0,0,0,0,0,0,0,0,0,0,0,0,0,0,0,0,0,0,0,0,0,1,0,0,0,0,2,1,0,0,0,0,0,
동탄역(동측),55399,H4,병점역.화성청년지원센터 - 병점역.화성청년지원센터,2024-05,국가유공자,0,0,0,0,0,0,0,0,0,0,0,0,0,0,0,0,0,0,0,0,0,0,0,0,0,0,0,0,0,0,0,0,0,0,0,0,0,0,0,0,0,0,0,1,0,0,0,0,
동탄역(동측),55399,H6(A),서동탄역 - 서동탄역,2024-05,일반인,0,0,0,0,0,0,0,0,0,0,0,0,0,0,0,0,0,0,0,0,0,0,0,0,0,0,0,0,0,0,0,0,0,0,0,0,23,7,72,7,14,4,14,5,1,2,0,0,
동탄역(동측),55399,H6(A),서동탄역 - 서동탄역,2024-05,청소년,0,0,0,0,0,0,0,0,0,0,0,0,0,0,0,0,0,0,0,0,0,0,0,0,0,0,0,0,0,0,0,0,0,0,0,0,0,1,1,0,0,0,0,0,0,0,0,0,
동탄역(동측),55399,H6(A),서동탄역 - 서동탄역,2024-05,경로,0,0,0,0,0,0,0,0,0,0,0,0,0,0,0,0,0,0,0,0,0,0,0,0,0,0,0,0,0,0,0,0,0,0,0,0,1,0,0,1,0,0,0,0,0,0,0,0,
동탄역(동측),55399,H65,동탄2차고지 - 동탄2차고지,2024-05,일반인,0,0,10,14,2,23,68,176,54,91,44,121,35,24,4,4,114,102,76,29,33,14,95,57,55,42,128,61,104,25,135,36,197,26,0,0,0,0,0,0,0,0,0,0,0,0,0,0,
동탄역(동측),55399,H65,동탄2차고지 - 동탄2차고지,2024-05,어린이,0,0,0,0,0,0,5,0,0,1,0,0,0,1,0,0,2,1,0,0,0,0,0,2,1,0,1,2,0,0,0,0,0,0,0,0,0,0,0,0,0,0,0,0,0,0,0,0,
동탄역(동측),55399,H65,동탄2차고지 - 동탄2차고지,2024-05,청소년,0,0,0,0,0,0,3,3,5,0,1,4,1,1,0,0,6,8,13,1,0,1,6,1,5,6,3,3,5,1,13,4,8,1,0,0,0,0,0,0,0,0,0,0,0,0,0,0,
동탄역(동측),55399,H65,동탄2차고지 - 동탄2차고지,2024-05,경로,0,0,0,1,0,3,1,14,0,4,4,7,13,4,2,2,12,8,3,7,11,1,6,4,4,2,4,2,1,0,0,0,1,1,0,0,0,0,0,0,0,0,0,0,0,0,0,0,
동탄역(동측),55399,H65,동탄2차고지 - 동탄2차고지,2024-05,장애인,0,0,0,0,0,0,1,1,0,0,1,0,0,0,0,0,1,1,1,2,0,0,0,2,0,0,0,0,0,0,0,0,0,0,0,0,0,0,0,0,0,0,0,0,0,0,0,0,
동탄역(동측),55399,H65,동탄2차고지 - 동탄2차고지,2024-05,국가유공자,0,0,0,0,0,0,0,0,0,0,0,0,0,0,0,0,0,1,0,0,0,0,1,0,1,0,0,0,0,0,0,0,0,0,0,0,0,0,0,0,0,0,0,0,0,0,0,0,
동탄역(동측),55399,H67,동탄2차고지 - 동탄2차고지,2024-05,일반인,0,0,0,10,11,46,14,106,17,154,16,135,16,90,64,102,45,34,64,61,63,76,73,33,151,92,161,83,237,66,225,64,253,41,136,22,124,14,101,16,55,3,49,14,0,0,0,0,
동탄역(동측),55399,H67,동탄2차고지 - 동탄2차고지,2024-05,어린이,0,0,0,0,0,0,0,0,0,2,0,0,0,0,0,4,1,0,0,0,3,2,0,0,4,2,3,0,1,1,1,0,4,0,1,0,2,0,0,0,0,0,0,0,0,0,0,0,
동탄역(동측),55399,H67,동탄2차고지 - 동탄2차고지,2024-05,청소년,0,0,0,0,0,4,3,15,1,3,0,3,1,5,1,5,0,1,2,6,2,5,1,1,15,18,5,32,21,7,13,7,8,3,7,7,7,9,7,3,0,1,5,1,0,0,0,0,
동탄역(동측),55399,H67,동탄2차고지 - 동탄2차고지,2024-05,경로,0,0,0,0,0,13,8,1,3,15,1,6,10,5,4,10,3,7,4,9,5,2,17,5,15,12,7,11,9,2,11,3,6,0,2,0,3,1,4,0,0,0,0,0,0,0,0,0,
동탄역(동측),55399,H67,동탄2차고지 - 동탄2차고지,2024-05,장애인,0,0,0,0,0,0,1,1,0,0,0,0,1,1,1,0,1,0,1,0,0,2,0,1,1,1,1,0,0,0,0,0,1,0,1,0,0,0,1,0,1,0,2,0,0,0,0,0,
동탄역(동측),55399,H67,동탄2차고지 - 동탄2차고지,2024-05,국가유공자,0,0,0,0,0,0,0,0,0,1,0,0,0,0,0,0,0,0,0,0,0,0,0,0,0,1,0,0,0,0,4,1,1,0,0,0,0,0,0,0,0,0,0,0,0,0,0,0,
동탄역(동측),55399,H9,방교동일반산업단지 - 방교동일반산업단지,2024-05,일반인,0,0,1,10,14,143,53,343,33,179,23,231,44,247,59,158,38,119,35,49,47,103,52,140,148,144,140,208,244,130,220,88,189,74,94,75,80,25,0,0,0,0,0,0,0,0,0,0,
동탄역(동측),55399,H9,방교동일반산업단지 - 방교동일반산업단지,2024-05,어린이,0,0,0,0,0,1,0,0,0,2,0,0,3,3,0,2,1,7,3,7,2,7,0,3,1,2,3,1,8,0,3,0,3,0,0,1,1,0,0,0,0,0,0,0,0,0,0,0,
동탄역(동측),55399,H9,방교동일반산업단지 - 방교동일반산업단지,2024-05,청소년,0,0,0,0,9,2,22,1,3,2,4,5,3,9,1,9,0,7,0,5,2,13,7,18,10,49,10,81,3,10,4,14,8,13,6,10,3,2,0,0,0,0,0,0,0,0,0,0,
동탄역(동측),55399,H9,방교동일반산업단지 - 방교동일반산업단지,2024-05,경로,0,0,0,0,0,1,0,8,1,11,3,29,1,34,7,21,6,19,16,8,11,16,10,9,12,7,10,6,16,3,8,3,29,2,8,4,6,0,0,0,0,0,0,0,0,0,0,0,
동탄역(동측),55399,H9,방교동일반산업단지 - 방교동일반산업단지,2024-05,장애인,0,0,0,0,0,0,0,7,0,0,0,0,1,3,0,1,0,0,0,0,1,0,0,0,2,0,1,0,1,0,2,0,1,0,1,1,0,0,0,0,0,0,0,0,0,0,0,0,
동탄역(동측),55399,H9,방교동일반산업단지 - 방교동일반산업단지,2024-05,국가유공자,0,0,0,0,0,0,0,1,0,0,0,0,0,0,0,0,0,0,0,0,0,0,0,0,0,0,0,0,0,0,0,0,0,0,0,0,0,0,0,0,0,0,0,0,0,0,0,0,
동탄역(동측),55399,화성똑버스01,동탄역(동측) - 동탄역(서측),2024-05,일반인,0,0,52,5,629,381,809,800,482,458,716,526,691,644,344,287,754,559,718,651,383,328,743,511,778,702,547,444,743,611,597,598,573,429,870,732,551,597,68,116,0,0,0,0,0,0,0,0,
동탄역(동측),55399,화성똑버스01,동탄역(동측) - 동탄역(서측),2024-05,어린이,0,0,0,0,0,0,0,0,2,2,3,2,4,3,3,2,6,6,6,4,14,13,32,26,40,33,12,15,7,5,2,3,4,4,2,1,0,0,0,0,0,0,0,0,0,0,0,0,
동탄역(동측),55399,화성똑버스01,동탄역(동측) - 동탄역(서측),2024-05,청소년,0,0,1,0,22,9,143,96,52,105,60,40,53,57,22,24,81,55,90,98,41,37,173,95,253,251,122,152,102,109,77,80,79,60,127,103,145,167,7,10,0,0,0,0,0,0,0,0,
